0994Y3tjUtSRNUkrYCJ70jMgEA62,testlast11@example.com,false,/Y+ALbz7T+kNrfnYAY8U+igp+Jsf28Ov7BOGf0OC3b0Xmm4sdKijD3OwcfISl8G2o3oEOsUXYyDYgTqgB5bLAg==,ni/tatcSOtGU+Q==,,,,,,,,,,,,,,,,,,,1770779974936,1770779974936,,,,
0S6kCKuPHAbpeAviz169uuVciMd2,lastfirst9@example.com,false,DNFH05chkjg6wT7yxiNSTnj7HVANS63wmrc90xYMJF484XwvC6z8h2xIgV7YA7j8k8A5ErYFu+2hEi3tpx2pog==,3l9UHTypB2EPUA==,first9 last9,,,,,,,,,,,,,,,,,,1770780372380,1770780372380,,,,
0SX3LyrHfwWVgikvMvRD6jogC3p1,firstlast11@example.com,false,AaEQLv9LcTA5bpFxTcx8FvRMotk/T1B6oV0xb1/qa7BEL9Dar4aYV6usF8CwwBQLYlct7uipxJ0qEfw9kCz5bg==,upApUJNNxNXWUQ==,First11 Last11,,,,,,,,,,,,,,,,,,1770781984480,1770785318067,,,,
1EYBZuWfkbd2ZMZQVN21NvAQCbv1,test123@example.com,false,U24riUfvJx9PqS+a8dQ3vEEZyT9PrzO2kE+oGEuZ17X98LpGZYTlKhzfR3GcYpnUe6nQwgYO3lJEX36RtfaJfw==,e7QayxFIrV3+bQ==,,,,,,,,,,,,,,,,,,,1770776863312,1770776863312,,,,
1P0x0OqeAOTjxUGO099R7eakFyQ2,firstlast4@example.com,false,WN/UYD+Otpa9sdA3AQCdMIC8co3JHCq764PJKuhlYTissSpfKS9K5tQgKiel2KKCweCZNRLvReXSRJsUqiedpQ==,n8besgCU9ug1gA==,First4 Last4,,,,,,,,,,,,,,,,,,1770781976920,1770785315019,,,,
24Xmt3ykaJaL86A0z5WBVjMPttR2,v2.firstlast1@example.com,false,4zBmBbCJ3hA0ZxsAkE28qXAbvEejO6U+cDpk3Cy2z6z6uoXYKNkqzG7fY3ASEHE1uHWrdvh9NO6o2AKmjRVZ2Q==,gy36+PYmiAZt2A==,First1 Last1,,,,,,,,,,,,,,,,,,1770785433109,1770870174570,,,,
2LDSXNoz6vSZOMLXHNuYemoKK7I2,v2.firstlast5@example.com,false,q91OKBq5jgSauoRKIWYpD5OWZkiJNX6UUlnARDl+FyRPsbKGR4lOhL1k6l8UMXm0uDgZeEdC0IAdYHgCC6Wa2Q==,KTnDRG7Qt3FYKA==,First5 Last5,,,,,,,,,,,,,,,,,,1770785438454,1770870176554,,,,
3KBpPxy5dKgg2vvYZvHxwuWs2X42,lastfirst8@example.com,false,ilc107yDX981MQIEnjRnG/Hln2wI7MuqyfkMeVufW15KcumbE6trqBQfSJTb5+CdM0r6sw+oE10wujQm7C1vYA==,Qb1lklD5pMi4cA==,first8 last8,,,,,,,,,,,,,,,,,,1770780346960,1770780346960,,,,
4Uu9NZkoQHgWV4VTWtZwnrpsAr12,firstlast13@example.com,false,9DkPdASM45HIcTY33zb2IUs4WCSk+gU6JMa+Cxhhs7jvgm/h9wusVbA92Z8HYZr2FpJu5gO0EZGWNJ6wPvi9Mg==,HwqEDlr/y8kJLA==,first13 last13,,,,,,,,,,,,,,,,,,1770780537414,1770780537414,,,,
6YwfxNBdo7TXGsIDLcw4rC2QqkX2,v2.firstlast9@example.com,false,+/JlcUstqQSN0axgtS8YxiCvedK+BSEzB7n9TQ241F060I2tKEifFzyLfgPX63kYfF5yAiVrmKVh19Xaoc6iUQ==,CgMThqptN3NCXw==,First9 Last9,,,,,,,,,,,,,,,,,,1770785443579,1770870178190,,,,
Bol1qDCSfMgh5YNYME5zkco1MyD2,lastfirst2@example.com,false,Qv3I0TrTvbZs0Ta17TMtA+WGCH4irZkZB0iRBPCrT1cuYjkN/u9vZdjBwjfEAAChT/RsiSfAqlZaRGOgEoh5ew==,rL9QnCizxEZ4zQ==,first last,,,,,,,,,,,,,,,,,,1770780155034,1770780155034,,,,
CW12WVa9OqNXAWCl70WZfarqR5f1,lastfirst1@example.com,false,xLQX6XfCFzt/GYM0kq7gIhJAFu/xuouiIv6tasyzGS/J4QTykzIoN3xTiRSKau00Yg8YsIcpWy4MfEW6hMHKNw==,QgfcBhDbYwmoGQ==,First Last,,,,,,,,,,,,,,,,,,1770780093054,1770780093054,,,,
DJtHOMMKK7ZUyhPTigzpfsr0w8t2,firstlast8@example.com,false,5Jschj4A8dW58xKuEzUobPdieHy5/D5UF1j/SFYJseeP2gkiKCMfc1ldEZ+rixaBQad4Fk6Uueac+74NYuRP6A==,6+q9+e5G8A/cbA==,First8 Last8,,,,,,,,,,,,,,,,,,1770781981419,1770785316790,,,,
DVUmV6PBEmat5XXauJkQqmZf55f1,firstlast1@example.com,false,dQ3xJg021+C04VBqUPLRgzFR8Ct+yRx497UYQIfiuepLN89UZWN8f3vpZy5UvrwlcRp786CbjrKGe9alPFAxJg==,+PmqRV7BbNuAaw==,,,,,,,,,,,,,,,,,,,1770778924963,1770778924963,,,,
Evrecd0LrlUiE9lnvCTDACwP8ef2,first.last2@example.com,false,G/tSQwpvLPZ/b1GQAZGYlyt18tIQR3N8KF/krNmDWlXuGlIvDP955SQwiEyNuUDQyx/6OYtYKcTg+4cn4vb0fw==,O4ImiYpYFJbcxQ==,first2 last2,,,,,,,,,,,,,,,,,,1770878275297,1770878275297,,,,
FKgH1ueURnUJuwcHxfyPeKwqiFe2,v2.firstlast6@example.com,false,YKYL+TWslf2LVO17/VQIJb1Xk9V0Bp1zCFqrxLsHx1hVE1hz8UQyEPMfMV9DR256GvRZc8m9tKhimJKjv+ehUA==,rtAQToyi8UXI2g==,First6 Last6,,,,,,,,,,,,,,,,,,1770785439685,1770870176987,,,,
HwaZm239aBdk3OA0HWXEJR3kbSO2,lastfirst11@example.com,false,lXfcg8HprdNv3rcHkTo3CU0SxjWzdIOOMDpBz3m5ZHZcPbL8pvo1MMiPEpoo8KegknorXRPgnhxcw3tTWHDDOg==,T6OovSc0sq9s+Q==,first11 last11,,,,,,,,,,,,,,,,,,1770780450688,1770780450688,,,,
KzNANq3jfANmAdYV5iPaYMGOBPA2,firstlast5@example.com,false,fGZ1zWnmqg2utoybHPFBIy+nUDiK+K80f/CUwVXabqCy9V+zja6eINhm5+LgH3bdEHDUNaOU8BQuXJNeFLY47A==,3H6O84BYCO27Iw==,First5 Last5,,,,,,,,,,,,,,,,,,1770781978047,1770785315580,,,,
LIcP8ZfmEtfkJuIb5NZb9DUoRzj2,firstlast6@example.com,false,4Te1zlGvGHOYEaHVCcAORcJS69mDbAAcX1S40iiWLA4N4dOa8tXitCidj1KEFEA6ryvJX8d5Vcyjj/iggzm4EQ==,4QX5DoBWZUjKWw==,First6 Last6,,,,,,,,,,,,,,,,,,1770781979279,1770785315984,,,,
LO657jT3rmYNcYT9Zi8WcL83IUY2,v2.firstlast11@example.com,false,k6QJSUpSBJSCylV31PEmEG+UJaD08Tvvbi10+0BPv+ZEsUbOcOmpdUcheaVCz6pagQccLTkuKOORZOiza/vjeA==,LV/16AiCLFd1ZA==,First11 Last11,,,,,,,,,,,,,,,,,,1770785445949,1770870178978,,,,
LawdX0yAJ2PdmDoNLXwNMGBM8rE2,v2.firstlast8@example.com,false,6KUu2CvKLaniucP2SYx1Dk6pjquiMc5J3zBUNoXFrLfQitCmD2Q2R6qFUh+xkdpGVha5kIfzoFsYjLTrUm0b+A==,pJlW9tiuSGPAiw==,First8 Last8,,,,,,,,,,,,,,,,,,1770785442372,1770870177742,,,,
MmeGTQ2OeqPKtQm1a22eDkm3OGp2,v2.firstlast7@example.com,false,CfLKIBuAEerevqekicrIXbAdNHS3NeFlWBhOu9VCO0l070ZiSjSPebQYQqwRRpXImpNKQ2TOM+8+qL8Czr+Q3A==,DTrr4RSyBqzYxg==,First7 Last7,,,,,,,,,,,,,,,,,,1770785440947,1770870177384,,,,
OAHq5kN5S2b48MBw4kOTyHcYN7A2,lastfirst6@example.com,false,zmdHjunX08986G6OLpRVDvnSm5d02h8SDK3a3mfcAyvoTjailA6+R4FzUpth49ipcnnTdyauQRjMDFcFToFEmA==,YSycAbXQ34FO6w==,first last,,,,,,,,,,,,,,,,,,1770780256810,1770780256810,,,,
SBWFCDMx2vgakUewEd2qEBanZnd2,urbraju@gmail.com,false,+jkbHnTb0YwgwQCEQsOaPaUyS/vcG73y2hgYFhybMpSjXXtfbYj6cNO2GBm3+HGMJj4LGRrqh20Oe20nN6j9Tw==,Y216VXqv3J7AnA==,,,,,,,,,,,,,,,,,,,1770710320591,1770878728214,,,,
WAMgwODnxjQoNtwpdAodFxVeDnN2,v2.firstlast4@example.com,false,QwaNs6dJ2xB2f0L+2M67bwAzAulNQCtjjyjdC/1rzELNyI12ux1dQhdILXJTkdyPffOV/ybxyi/bydCRdpbgWQ==,JGmiiYs3ujwGAg==,First4 Last4,,,,,,,,,,,,,,,,,,1770785437235,1770870176092,,,,
WAnBXBuu1ed9ALDif05HiFkaiCl1,firstlast12@example.com,false,ir+sSxMCAIIhIADg+n2hhl4IzXuYdCX0FP9LDegAh45LyQgQ20RCTOLv9ItB80RiHx1wa445QEnOrk7Y/Kr7uw==,2UFHQp0iR692mQ==,first12 lasr12,,,,,,,,,,,,,,,,,,1770780493601,1770780493601,,,,
YCtcpJMT1jTAGb9ZzDpqLs5Y1Kn1,lastfirst7@example.com,false,uKEb00Xr4xyNZQCIuiHmSqfotaBThoq8EUJCrxe24jQTiFTJ3lU6vp5KRq7TZU3NSNH3lIlIATg/FZmG/H3LLQ==,sGGbglkiFZuINg==,first7 last7,,,,,,,,,,,,,,,,,,1770780314519,1770780314519,,,,
YGign4Xv2zXq8m6hIeiEXXTeqc43,firstlast3@example.com,false,6+eBTeBYUvrM0TOLhMD9wxvORI/mewQpyaPiroRIS58V2Q/anptHKuL3jEZj7hwb1zFy/i4XQ5pCNPWQ4iandA==,TuLhpHEnIhFjPQ==,First3 Last3,,,,,,,,,,,,,,,,,,1770781975785,1770785314476,,,,
axQj127BDKaPxiVbS4zE4KblTp62,deals2raj@gmail.com,true,B09V8T7hmf+37Ggq6hafjlunMYDZPG3MNA2Ij+z5u9VRaVdch2L57SsqTIt2ffkmbi9n8wBa2A99ytxeGeBByA==,MUJ9kaJZEQSL5A==,,,,,,,,,,,,,,,,,,,1770712054981,1770878185350,,,,
dpq9fACuD3Zm7SPC9NTBgZdN8uz1,test@last.com,false,M/7aYX5Abog5G0QiZzbkdbV9nJeb/lGptU/O7pelwnCj4LVk+/olN5+wwtlduXr4KK4Zc7rR79NnVyc2TtiDKw==,yf2uvppeLADj/A==,,,,,,,,,,,,,,,,,,,1770777910890,1770777910890,,,,
fxbcBn3cX0Q7wohK68MYTC1J9vn1,v2.firstlast2@example.com,false,AlSqPQ4XjfmMorqzgySqvY8FSqbVuFs/HSoVQsmD4g36Z/X7IvEJ8I61M/iIo6rSvo6X1CvjitIh+Znx5Y383A==,bK1HoYzV+fdXeg==,First2 Last2,,,,,,,,,,,,,,,,,,1770785434625,1770870175173,,,,
gOFFrvclNpbZMxyxRXPY2IRW6ah1,lastfirst5@example.com,false,U8LUoov1ZCuwQhiBHwzCa0D6mQ7Ev8GAXygpYc3AX+Z5fQaHbQPMMY80pQFA25RJZzLVo3znF3cBvfGZsNy1bQ==,Kwxib9FyaJfBWg==,first5 last5,,,,,,,,,,,,,,,,,,1770780285543,1770780285543,,,,
iPKzUghxkyQswr1Z0xjveduuKAE2,v2.firstlast12@example.com,false,wAZfHP5GUVsEVSJ8HDdzLblN+xb+kxmsvRQxuP4IuQVQ3io0tUVKpZbk2ZXXpgugieK6A/oUiXFutHF8ieiftA==,O1lQGzieA2MWNw==,First12 Last12,,,,,,,,,,,,,,,,,,1770785447362,1770870179366,,,,
jm4n3TKCkFPSoYNFEJP6dbPOpbY2,v2.firstlast13@example.com,false,zC2+sDXP9NEXrpxc4zXgsZij8+VNkqjWrBoPXfhXCX+IOKPk2yRaX7UY+rwwqRGMhxHCkWJTtGToJmhQ8YLncQ==,swKQL9FF8A26OQ==,First13 Last13,,,,,,,,,,,,,,,,,,1770785448692,1770870179755,,,,
mNWVSDDLHGanHgSnSzHlpQwnyWS2,lastfirst3@example.com,false,Hby9nHyheJUZJibCWtBAfUiQQjIR+k8zDj3LnLaphcW4RU9SaEUdw0A1JUEgWyhKAGdPK3EUZrXQvNDCE9rJEw==,TFs+NB2n4zIlEw==,first last,,,,,,,,,,,,,,,,,,1770780184050,1770780184050,,,,
nOgyqKTbC3cOMIv2Mz6zLvXbD042,firstlast14@example.com,false,J9exvt75Lv82u1MVI1Y+lFOXe1WNajPWt6ztjFBkhB3eWjfr2a/oSvJWthOUxx8r+R/PBbXe60T/hA2zPgr2Fw==,YE8nU+IL3wZK9Q==,First14 Last14,,,,,,,,,,,,,,,,,,1770781986070,1770785318822,,,,
noGeL40IyJTL7axN4krkeO3bKuB3,v2.firstlast14@example.com,false,6tm6FnvBgfUefWw1oSR9mKatpMJx5PfPQ/t9nG7nDGGSvUdHQqoNfK1IqaahafQgEDvemim6pkLW1rcUbnMDVQ==,unnukr1poKaJ6g==,First14 Last14,,,,,,,,,,,,,,,,,,1770785449834,1770870180173,,,,
p44nUZPTJkRlAbBWYU7WIKvvSu52,first.last1@example.com,false,aLmnI428afQSDRqoDDLNhEWRWnusEVCGFLKR3G1fGf34MpqtgY1l/TFkkgrRmkwevVzNl6vaaX4/uXL0f30nKw==,SwzLXCBhea2yqQ==,First1 Last1,,,,,,,,,,,,,,,,,,1770878223063,1770878223063,,,,
q2S1ReGeAEcd2douZj62bE6RHaW2,v2.firstlast3@example.com,false,kQHv7pwUu/fHPN/TJRlZuGljGyNpac0LxgaEQWlWLaXugWRB4WkXnJZRO5L9bZ6du2bWn0zq69tHbD4dl5onCg==,Vtrp4pLd0bhIqg==,First3 Last3,,,,,,,,,,,,,,,,,,1770785435831,1770870175667,,,,
rqMqTMCrH3ZmFMaR9GFKWuBMYYj2,lastfirst10@example.com,false,qXyvkCIwiv1zXg3UVmZO8Ou/lQ5DxnwusT2rS+JEmle0O9kMu+nNNuQ48w0QQ0cNM75LuYSFqgFwpj4Feb9WCg==,mp9ypQ+aXlfquA==,first10 last10,,,,,,,,,,,,,,,,,,1770780401645,1770780401645,,,,
ssK8tkHluYQPLMEJwtixNYJLbGI3,firstlast2@example.com,false,3moDBlCmOYQs9PsHoAoDNoHCvLHU4y0ZiJTrx4omtXRc1AmkqqB4yyGXenphxCJuuDKGG4FYxwsfGfDz6PDnBg==,Ytue2pfuEEqA2w==,First2 Last2,,,,,,,,,,,,,,,,,,1770781974349,1770785313879,,,,
t37ITdA6IYciWf0RHPacwtyfs4v2,firstlast10@example.com,false,QicGrU5EFiKIwPjVnslxdWmpJROvI6Z+fpJLrIbxyyTlXEcrQyVYRmJu7vlfpQWIcnxKWn2KzyzFnvXfJAFmZQ==,Ha98Wqb83SbzYw==,First10 Last10,,,,,,,,,,,,,,,,,,1770781983487,1770785317619,,,,
tAcAhIc13lfmvgYvoTWchkvy87J3,firstlast9@example.com,false,vdAvW+LPuvcXFLIMUms1YBDfINqC6QjB3JwJRxyZO6anLqX8MptYsE8RLXU1H1o2fnnpjBgM9EB9shA+/Otjfg==,CO8XqiLu4GCUYw==,First9 Last9,,,,,,,,,,,,,,,,,,1770781982440,1770785317190,,,,
tOSALp73NrcCUOS8McrwyY58OD62,v2.firstlast10@example.com,false,Q6JAyVXVys0+c2Rz8rpXwqyb9tmMShe84hy1mbKPGCXPEgvCkKUJlgShkLbO8OzCQ09xO4PhHlbGh4eiVxFbBg==,cppu7mwEyNxxwg==,First10 Last10,,,,,,,,,,,,,,,,,,1770785444559,1770870178607,,,,
uWMPFrWd4YX2mhirjwKr2MJIpMW2,first.last3@example.com,false,Q8QcgBZ37AyNuTjJc+Ism35erZIJztWBVZVxyhdlvU+r+FK1dMzmQE2aqJj5MM9LmV8bcTmasqNj6itxN5HFBQ==,8wpvQq/h3tooJA==,first3 last3,,,,,,,,,,,,,,,,,,1770878310151,1770878310151,,,,
ukrooTivnZh0eZCRA8cHdgOGtZ03,testuser@example.com,false,/xIbuRCxj1ZeGxGSLiTtvSfXVq0dY71QqrV1fEGRJvFQFPhJum/UtDMmEsSRwaYUTdM0nXk16vEvD6uscQ2DqQ==,s3qRwbhRh6L1ag==,,,,,,,,,,,,,,,,,,,1770754740684,1770754740684,,,,
xgHJ3ZUXl1SvAvLoWScWQj50pF82,firstlast7@example.com,false,ufxLtaGbvkWekuAe1331C7Rx6K+FoaH4ktDxYInOxrTu7E2vQHjnLaIFQS+n0K56+V1t2aXyq6++d98fJur2Tg==,Y+Xy1VER2u1Cpw==,First7 Last7,,,,,,,,,,,,,,,,,,1770781980211,1770785316342,,,,
xhWYTiVOSjQGstg2rWcPJXlN36D2,lastfirst4@example.com,false,+ENhWUBywH6S9N3sK6z8rEzAgCbZMB1m33r5EJ8Y0VzalKLEuM82A7J3Cr7OWdNKmVv7kknfmx4F/+80ELxEfA==,L598KgKB4aavfg==,First Last,,,,,,,,,,,,,,,,,,1770780214559,1770780214559,,,,
yZk3cTzLWVeoyEhMVDOoyluWXC22,firstlast@example.com,false,8Xu0oObAa+UNOvP5pl/4OVy4ALU3HNQm3iN6YuMo54JXGWynhqAPaSGtJW7129tGLuhUTBSAWcGv+OjgWaQNkQ==,mMDUbEKe/vUniw==,,,,,,,,,,,,,,,,,,,1770778887356,1770778887356,,,,
